{"cameraMode":{"drawMode":0,"name":"Shaded","section":"Shading Mode"},"sceneLighting":true,"audioPlay":false,"sceneViewState":{"m_AlwaysRefresh":false,"showFog":true,"showSkybox":true,"showFlares":true,"showImageEffects":true,"showParticleSystems":true,"showVisualEffectGraphs":true,"m_FxEnabled":true},"in2DMode":false,"pivot":{"x":-0.14330723881721497,"y":1.118875503540039,"z":-0.001298651099205017},"rotation":{"x":-0.15394505858421327,"y":0.8444864153862,"z":-0.33267852663993838,"w":-0.39054107666015627},"size":0.5084166526794434,"orthographic":false}