{"cameraMode":{"drawMode":0,"name":"Shaded","section":"Shading Mode"},"sceneLighting":true,"audioPlay":false,"sceneViewState":{"m_AlwaysRefresh":false,"showFog":true,"showSkybox":true,"showFlares":true,"showImageEffects":true,"showParticleSystems":true,"showVisualEffectGraphs":true,"m_FxEnabled":true},"in2DMode":false,"pivot":{"x":0.5283834934234619,"y":0.7247587442398071,"z":-0.5006208419799805},"rotation":{"x":-0.004062274470925331,"y":-0.995837390422821,"z":0.07063550502061844,"w":-0.05771854519844055},"size":1.2821062803268433,"orthographic":false}