{"cameraMode":{"drawMode":0,"name":"Shaded","section":"Shading Mode"},"sceneLighting":true,"audioPlay":false,"sceneViewState":{"m_AlwaysRefresh":false,"showFog":true,"showSkybox":true,"showFlares":true,"showImageEffects":true,"showParticleSystems":true,"showVisualEffectGraphs":true,"m_FxEnabled":true},"in2DMode":false,"pivot":{"x":-1.971524715423584,"y":0.04147903993725777,"z":0.13821125030517579},"rotation":{"x":-0.06911072134971619,"y":0.6089231967926025,"z":-0.05317769572138786,"w":-0.7884653806686401},"size":0.17411601543426515,"orthographic":false}