{"cameraMode":{"drawMode":0,"name":"Shaded","section":"Shading Mode"},"sceneLighting":true,"audioPlay":false,"sceneViewState":{"m_AlwaysRefresh":false,"showFog":true,"showSkybox":true,"showFlares":true,"showImageEffects":true,"showParticleSystems":true,"showVisualEffectGraphs":true,"m_FxEnabled":true},"in2DMode":false,"pivot":{"x":-1.1251649856567383,"y":-0.22155392169952393,"z":1.8890482187271119},"rotation":{"x":0.349234014749527,"y":-0.6170914173126221,"z":0.35263386368751528,"w":0.610708475112915},"size":12.372983932495118,"orthographic":true}